[
 
    {   
      "id":"1",  
      "content":"书画琴棋诗酒花/因为你/柴米油盐酱醋茶" 
    },
    {   
        "id":"2",  
        "content":"此生我等你/没有因为/没有所以" 
    },
    {   
        "id":"3",  
        "content":"世上最美好的事：/一大段有风的秋晚/有星星 有诗集 有啤酒的抱紧你" 
    },
    {
        "id":"4",
        "content":"笔记本在写我。/漫天的我落在枫叶上雪花上。/而你在想我。"
    },
    {
        "id":"5",
        "content":"终于我遇见了你/从此不必在意阴晴风雨/从此随心所欲地老去"
    },
    {
        "id":"6",
        "content":"这世上要是有个和你一样的人就好了/七分像就行/或许她会喜欢我"
    },
    {
        "id":"7",
        "content":"你别对我笑/我怕以后得不到/又忘不掉"
    },
    {
        "id":"8",
        "content":"冷了/記得添衣/不必回復"
    },
    {
        "id":"9",
        "content":".你在说/我在听/梦里藏了星星。"
    },
    {
        "id":"10",
        "content":"醉把人间真情做笑/却如今自成笑料/该当是何如。"
    },
    {
        "id":"11",
        "content":"乏词烂句，木纳荒稽/你游龙惊过，世界带盛开/奉上凛冬之玫瑰。"
    },
    {
        "id":"12",
        "content":"赃物的盒子里装满你的背影/水滩里的月亮和正午的阳光/还有支支吾吾的半罐谎言。"
    },
    {
        "id":"13",
        "content":"是东皇太一斩不断的堕神契约/是妲己跨越千山万水的偶像魅力/是庄周的梦蝶，是干将的莫邪。"
    },
    {
        "id":"14",
        "content":"日落星辰，四季往复，情如止水不为动/却无意回眸，沉沦眉眼/我向世界奔去。"
    },
    {
        "id":"15",
        "content":"但愿一切感情都不会褪色/无论喜悲/无论爱恨。"
    }
  ]